target,parameter,accuracy
target_original,3,"[0.975, 0.975, 0.975, 0.975, 0.975, 0.975, 0.975, 0.975, 0.975, 0.975, 0.975, 0.975, 0.975, 0.975, 0.975, 0.975, 0.975, 0.975, 0.975, 0.975, 0.975, 0.975, 0.975, 0.975, 0.975, 0.975, 0.975, 0.975, 0.975, 0.975, 0.985, 0.985, 0.985, 0.985, 0.985, 0.985, 0.985, 0.985, 0.985, 0.985, 0.985, 0.985, 0.985, 0.985, 0.985, 0.985, 0.985, 0.985, 0.985, 0.985, 0.985, 0.985, 0.985, 0.985, 0.985, 0.985, 0.985, 0.985, 0.985, 0.985, 0.985, 0.985, 0.985, 0.985, 0.985, 0.985, 0.985, 0.985, 0.985, 0.985, 0.985, 0.985, 0.985, 0.985, 0.985, 0.985, 0.985, 0.985, 0.985, 0.985, 0.985, 0.985, 0.985, 0.985, 0.985, 0.985, 0.985, 0.985, 0.985, 0.985, 0.975, 0.975, 0.975, 0.975, 0.975, 0.975, 0.975, 0.975, 0.975, 0.975, 0.975, 0.975, 0.975, 0.975, 0.975, 0.975, 0.975, 0.975, 0.975, 0.975, 0.975, 0.975, 0.975, 0.975, 0.975, 0.975, 0.975, 0.975, 0.975, 0.975, 0.995, 0.995, 0.995, 0.995, 0.995, 0.995, 0.995, 0.995, 0.995, 0.995, 0.995, 0.995, 0.995, 0.995, 0.995, 0.995, 0.995, 0.995, 0.995, 0.995, 0.995, 0.995, 0.995, 0.995, 0.995, 0.995, 0.995, 0.995, 0.995, 0.995, 0.975, 0.975, 0.975, 0.975, 0.975, 0.975, 0.975, 0.975, 0.975, 0.975, 0.975, 0.975, 0.975, 0.975, 0.975, 0.975, 0.975, 0.975, 0.975, 0.975, 0.975, 0.975, 0.975, 0.975, 0.975, 0.975, 0.975, 0.975, 0.975, 0.975, 0.98, 0.98, 0.98, 0.98, 0.98, 0.98, 0.98, 0.98, 0.98, 0.98, 0.98, 0.98, 0.98, 0.98, 0.98, 0.98, 0.98, 0.98, 0.98, 0.98, 0.98, 0.98, 0.98, 0.98, 0.98, 0.98, 0.98, 0.98, 0.98, 0.98, 0.985, 0.985, 0.985, 0.985, 0.985, 0.985, 0.985, 0.985, 0.985, 0.985, 0.985, 0.985, 0.985, 0.985, 0.985, 0.985, 0.985, 0.985, 0.985, 0.985, 0.985, 0.985, 0.985, 0.985, 0.985, 0.985, 0.985, 0.985, 0.985, 0.985, 0.99, 0.99, 0.99, 0.99, 0.99, 0.99, 0.99, 0.99, 0.99, 0.99, 0.99, 0.99, 0.99, 0.99, 0.99, 0.99, 0.99, 0.99, 0.99, 0.99, 0.99, 0.99, 0.99, 0.99, 0.99, 0.99, 0.99, 0.99, 0.99, 0.99, 0.96, 0.96, 0.96, 0.96, 0.96, 0.96, 0.96, 0.96, 0.96, 0.96, 0.96, 0.96, 0.96, 0.96, 0.96, 0.96, 0.96, 0.96, 0.96, 0.96, 0.96, 0.96, 0.96, 0.96, 0.96, 0.96, 0.96, 0.96, 0.96, 0.96]"
target_partition1,3,"[0.105, 0.105, 0.105, 0.105, 0.105, 0.105, 0.105, 0.105, 0.105, 0.105, 0.105, 0.105, 0.105, 0.105, 0.105, 0.105, 0.105, 0.105, 0.105, 0.105, 0.105, 0.105, 0.105, 0.105, 0.105, 0.105, 0.105, 0.105, 0.105, 0.105, 0.08, 0.08, 0.08, 0.08, 0.08, 0.08, 0.08, 0.08, 0.08, 0.08, 0.08, 0.08, 0.08, 0.08, 0.08, 0.08, 0.08, 0.08, 0.08, 0.08, 0.08, 0.08, 0.08, 0.08, 0.08, 0.08, 0.08, 0.08, 0.08, 0.08, 0.075, 0.075, 0.075, 0.075, 0.075, 0.075, 0.075, 0.075, 0.075, 0.075, 0.075, 0.075, 0.075, 0.075, 0.075, 0.075, 0.075, 0.075, 0.075, 0.075, 0.075, 0.075, 0.075, 0.075, 0.075, 0.075, 0.075, 0.075, 0.075, 0.075, 0.08, 0.08, 0.08, 0.08, 0.08, 0.08, 0.08, 0.08, 0.08, 0.08, 0.08, 0.08, 0.08, 0.08, 0.08, 0.08, 0.08, 0.08, 0.08, 0.08, 0.08, 0.08, 0.08, 0.08, 0.08, 0.08, 0.08, 0.08, 0.08, 0.08, 0.08, 0.08, 0.08, 0.08, 0.08, 0.08, 0.08, 0.08, 0.08, 0.08, 0.08, 0.08, 0.08, 0.08, 0.08, 0.08, 0.08, 0.08, 0.08, 0.08, 0.08, 0.08, 0.08, 0.08, 0.08, 0.08, 0.08, 0.08, 0.08, 0.08, 0.055, 0.055, 0.055, 0.055, 0.055, 0.055, 0.055, 0.055, 0.055, 0.055, 0.055, 0.055, 0.055, 0.055, 0.055, 0.055, 0.055, 0.055, 0.055, 0.055, 0.055, 0.055, 0.055, 0.055, 0.055, 0.055, 0.055, 0.055, 0.055, 0.055, 0.075, 0.075, 0.075, 0.075, 0.075, 0.075, 0.075, 0.075, 0.075, 0.075, 0.075, 0.075, 0.075, 0.075, 0.075, 0.075, 0.075, 0.075, 0.075, 0.075, 0.075, 0.075, 0.075, 0.075, 0.075, 0.075, 0.075, 0.075, 0.075, 0.075, 0.045, 0.045, 0.045, 0.045, 0.045, 0.045, 0.045, 0.045, 0.045, 0.045, 0.045, 0.045, 0.045, 0.045, 0.045, 0.045, 0.045, 0.045, 0.045, 0.045, 0.045, 0.045, 0.045, 0.045, 0.045, 0.045, 0.045, 0.045, 0.045, 0.045, 0.07, 0.07, 0.07, 0.07, 0.07, 0.07, 0.07, 0.07, 0.07, 0.07, 0.07, 0.07, 0.07, 0.07, 0.07, 0.07, 0.07, 0.07, 0.07, 0.07, 0.07, 0.07, 0.07, 0.07, 0.07, 0.07, 0.07, 0.07, 0.07, 0.07, 0.035, 0.035, 0.035, 0.035, 0.035, 0.035, 0.035, 0.035, 0.035, 0.035, 0.035, 0.035, 0.035, 0.035, 0.035, 0.035, 0.035, 0.035, 0.035, 0.035, 0.035, 0.035, 0.035, 0.035, 0.035, 0.035, 0.035, 0.035, 0.035, 0.035]"
target_partition2,3,"[0.845, 0.845, 0.845, 0.845, 0.845, 0.845, 0.845, 0.845, 0.845, 0.845, 0.845, 0.845, 0.845, 0.845, 0.845, 0.845, 0.845, 0.845, 0.845, 0.845, 0.845, 0.845, 0.845, 0.845, 0.845, 0.845, 0.845, 0.845, 0.845, 0.845, 0.795, 0.795, 0.795, 0.795, 0.795, 0.795, 0.795, 0.795, 0.795, 0.795, 0.795, 0.795, 0.795, 0.795, 0.795, 0.795, 0.795, 0.795, 0.795, 0.795, 0.795, 0.795, 0.795, 0.795, 0.795, 0.795, 0.795, 0.795, 0.795, 0.795, 0.82, 0.82, 0.82, 0.82, 0.82, 0.82, 0.82, 0.82, 0.82, 0.82, 0.82, 0.82, 0.82, 0.82, 0.82, 0.82, 0.82, 0.82, 0.82, 0.82, 0.82, 0.82, 0.82, 0.82, 0.82, 0.82, 0.82, 0.82, 0.82, 0.82, 0.815, 0.815, 0.815, 0.815, 0.815, 0.815, 0.815, 0.815, 0.815, 0.815, 0.815, 0.815, 0.815, 0.815, 0.815, 0.815, 0.815, 0.815, 0.815, 0.815, 0.815, 0.815, 0.815, 0.815, 0.815, 0.815, 0.815, 0.815, 0.815, 0.815, 0.805, 0.805, 0.805, 0.805, 0.805, 0.805, 0.805, 0.805, 0.805, 0.805, 0.805, 0.805, 0.805, 0.805, 0.805, 0.805, 0.805, 0.805, 0.805, 0.805, 0.805, 0.805, 0.805, 0.805, 0.805, 0.805, 0.805, 0.805, 0.805, 0.805, 0.865, 0.865, 0.865, 0.865, 0.865, 0.865, 0.865, 0.865, 0.865, 0.865, 0.865, 0.865, 0.865, 0.865, 0.865, 0.865, 0.865, 0.865, 0.865, 0.865, 0.865, 0.865, 0.865, 0.865, 0.865, 0.865, 0.865, 0.865, 0.865, 0.865, 0.815, 0.815, 0.815, 0.815, 0.815, 0.815, 0.815, 0.815, 0.815, 0.815, 0.815, 0.815, 0.815, 0.815, 0.815, 0.815, 0.815, 0.815, 0.815, 0.815, 0.815, 0.815, 0.815, 0.815, 0.815, 0.815, 0.815, 0.815, 0.815, 0.815, 0.795, 0.795, 0.795, 0.795, 0.795, 0.795, 0.795, 0.795, 0.795, 0.795, 0.795, 0.795, 0.795, 0.795, 0.795, 0.795, 0.795, 0.795, 0.795, 0.795, 0.795, 0.795, 0.795, 0.795, 0.795, 0.795, 0.795, 0.795, 0.795, 0.795, 0.815, 0.815, 0.815, 0.815, 0.815, 0.815, 0.815, 0.815, 0.815, 0.815, 0.815, 0.815, 0.815, 0.815, 0.815, 0.815, 0.815, 0.815, 0.815, 0.815, 0.815, 0.815, 0.815, 0.815, 0.815, 0.815, 0.815, 0.815, 0.815, 0.815, 0.795, 0.795, 0.795, 0.795, 0.795, 0.795, 0.795, 0.795, 0.795, 0.795, 0.795, 0.795, 0.795, 0.795, 0.795, 0.795, 0.795, 0.795, 0.795, 0.795, 0.795, 0.795, 0.795, 0.795, 0.795, 0.795, 0.795, 0.795, 0.795, 0.795]"
target_partition3,3,"[0.765, 0.765, 0.765, 0.765, 0.765, 0.765, 0.765, 0.765, 0.765, 0.765, 0.765, 0.765, 0.765, 0.765, 0.765, 0.765, 0.765, 0.765, 0.765, 0.765, 0.765, 0.765, 0.765, 0.765, 0.765, 0.765, 0.765, 0.765, 0.765, 0.765, 0.75, 0.75, 0.75, 0.75, 0.75, 0.75, 0.75, 0.75, 0.75, 0.75, 0.75, 0.75, 0.75, 0.75, 0.75, 0.75, 0.75, 0.75, 0.75, 0.75, 0.75, 0.75, 0.75, 0.75, 0.75, 0.75, 0.75, 0.75, 0.75, 0.75, 0.73, 0.73, 0.73, 0.73, 0.73, 0.73, 0.73, 0.73, 0.73, 0.73, 0.73, 0.73, 0.73, 0.73, 0.73, 0.73, 0.73, 0.73, 0.73, 0.73, 0.73, 0.73, 0.73, 0.73, 0.73, 0.73, 0.73, 0.73, 0.73, 0.73, 0.735, 0.735, 0.735, 0.735, 0.735, 0.735, 0.735, 0.735, 0.735, 0.735, 0.735, 0.735, 0.735, 0.735, 0.735, 0.735, 0.735, 0.735, 0.735, 0.735, 0.735, 0.735, 0.735, 0.735, 0.735, 0.735, 0.735, 0.735, 0.735, 0.735, 0.77, 0.77, 0.77, 0.77, 0.77, 0.77, 0.77, 0.77, 0.77, 0.77, 0.77, 0.77, 0.77, 0.77, 0.77, 0.77, 0.77, 0.77, 0.77, 0.77, 0.77, 0.77, 0.77, 0.77, 0.77, 0.77, 0.77, 0.77, 0.77, 0.77, 0.785, 0.785, 0.785, 0.785, 0.785, 0.785, 0.785, 0.785, 0.785, 0.785, 0.785, 0.785, 0.785, 0.785, 0.785, 0.785, 0.785, 0.785, 0.785, 0.785, 0.785, 0.785, 0.785, 0.785, 0.785, 0.785, 0.785, 0.785, 0.785, 0.785, 0.8, 0.8, 0.8, 0.8, 0.8, 0.8, 0.8, 0.8, 0.8, 0.8, 0.8, 0.8, 0.8, 0.8, 0.8, 0.8, 0.8, 0.8, 0.8, 0.8, 0.8, 0.8, 0.8, 0.8, 0.8, 0.8, 0.8, 0.8, 0.8, 0.8, 0.735, 0.735, 0.735, 0.735, 0.735, 0.735, 0.735, 0.735, 0.735, 0.735, 0.735, 0.735, 0.735, 0.735, 0.735, 0.735, 0.735, 0.735, 0.735, 0.735, 0.735, 0.735, 0.735, 0.735, 0.735, 0.735, 0.735, 0.735, 0.735, 0.735, 0.695, 0.695, 0.695, 0.695, 0.695, 0.695, 0.695, 0.695, 0.695, 0.695, 0.695, 0.695, 0.695, 0.695, 0.695, 0.695, 0.695, 0.695, 0.695, 0.695, 0.695, 0.695, 0.695, 0.695, 0.695, 0.695, 0.695, 0.695, 0.695, 0.695, 0.77, 0.77, 0.77, 0.77, 0.77, 0.77, 0.77, 0.77, 0.77, 0.77, 0.77, 0.77, 0.77, 0.77, 0.77, 0.77, 0.77, 0.77, 0.77, 0.77, 0.77, 0.77, 0.77, 0.77, 0.77, 0.77, 0.77, 0.77, 0.77, 0.77]"
target_partition4,3,"[0.735, 0.735, 0.735, 0.735, 0.735, 0.735, 0.735, 0.735, 0.735, 0.735, 0.735, 0.735, 0.735, 0.735, 0.735, 0.735, 0.735, 0.735, 0.735, 0.735, 0.735, 0.735, 0.735, 0.735, 0.735, 0.735, 0.735, 0.735, 0.735, 0.735, 0.745, 0.745, 0.745, 0.745, 0.745, 0.745, 0.745, 0.745, 0.745, 0.745, 0.745, 0.745, 0.745, 0.745, 0.745, 0.745, 0.745, 0.745, 0.745, 0.745, 0.745, 0.745, 0.745, 0.745, 0.745, 0.745, 0.745, 0.745, 0.745, 0.745, 0.73, 0.73, 0.73, 0.73, 0.73, 0.73, 0.73, 0.73, 0.73, 0.73, 0.73, 0.73, 0.73, 0.73, 0.73, 0.73, 0.73, 0.73, 0.73, 0.73, 0.73, 0.73, 0.73, 0.73, 0.73, 0.73, 0.73, 0.73, 0.73, 0.73, 0.705, 0.705, 0.705, 0.705, 0.705, 0.705, 0.705, 0.705, 0.705, 0.705, 0.705, 0.705, 0.705, 0.705, 0.705, 0.705, 0.705, 0.705, 0.705, 0.705, 0.705, 0.705, 0.705, 0.705, 0.705, 0.705, 0.705, 0.705, 0.705, 0.705, 0.775, 0.775, 0.775, 0.775, 0.775, 0.775, 0.775, 0.775, 0.775, 0.775, 0.775, 0.775, 0.775, 0.775, 0.775, 0.775, 0.775, 0.775, 0.775, 0.775, 0.775, 0.775, 0.775, 0.775, 0.775, 0.775, 0.775, 0.775, 0.775, 0.775, 0.8, 0.8, 0.8, 0.8, 0.8, 0.8, 0.8, 0.8, 0.8, 0.8, 0.8, 0.8, 0.8, 0.8, 0.8, 0.8, 0.8, 0.8, 0.8, 0.8, 0.8, 0.8, 0.8, 0.8, 0.8, 0.8, 0.8, 0.8, 0.8, 0.8, 0.815, 0.815, 0.815, 0.815, 0.815, 0.815, 0.815, 0.815, 0.815, 0.815, 0.815, 0.815, 0.815, 0.815, 0.815, 0.815, 0.815, 0.815, 0.815, 0.815, 0.815, 0.815, 0.815, 0.815, 0.815, 0.815, 0.815, 0.815, 0.815, 0.815, 0.77, 0.77, 0.77, 0.77, 0.77, 0.77, 0.77, 0.77, 0.77, 0.77, 0.77, 0.77, 0.77, 0.77, 0.77, 0.77, 0.77, 0.77, 0.77, 0.77, 0.77, 0.77, 0.77, 0.77, 0.77, 0.77, 0.77, 0.77, 0.77, 0.77, 0.775, 0.775, 0.775, 0.775, 0.775, 0.775, 0.775, 0.775, 0.775, 0.775, 0.775, 0.775, 0.775, 0.775, 0.775, 0.775, 0.775, 0.775, 0.775, 0.775, 0.775, 0.775, 0.775, 0.775, 0.775, 0.775, 0.775, 0.775, 0.775, 0.775, 0.745, 0.745, 0.745, 0.745, 0.745, 0.745, 0.745, 0.745, 0.745, 0.745, 0.745, 0.745, 0.745, 0.745, 0.745, 0.745, 0.745, 0.745, 0.745, 0.745, 0.745, 0.745, 0.745, 0.745, 0.745, 0.745, 0.745, 0.745, 0.745, 0.745]"
target_partition5,3,"[0.77, 0.77, 0.77, 0.77, 0.77, 0.77, 0.77, 0.77, 0.77, 0.77, 0.77, 0.77, 0.77, 0.77, 0.77, 0.77, 0.77, 0.77, 0.77, 0.77, 0.77, 0.77, 0.77, 0.77, 0.77, 0.77, 0.77, 0.77, 0.77, 0.77, 0.73, 0.73, 0.73, 0.73, 0.73, 0.73, 0.73, 0.73, 0.73, 0.73, 0.73, 0.73, 0.73, 0.73, 0.73, 0.73, 0.73, 0.73, 0.73, 0.73, 0.73, 0.73, 0.73, 0.73, 0.73, 0.73, 0.73, 0.73, 0.73, 0.73, 0.795, 0.795, 0.795, 0.795, 0.795, 0.795, 0.795, 0.795, 0.795, 0.795, 0.795, 0.795, 0.795, 0.795, 0.795, 0.795, 0.795, 0.795, 0.795, 0.795, 0.795, 0.795, 0.795, 0.795, 0.795, 0.795, 0.795, 0.795, 0.795, 0.795, 0.745, 0.745, 0.745, 0.745, 0.745, 0.745, 0.745, 0.745, 0.745, 0.745, 0.745, 0.745, 0.745, 0.745, 0.745, 0.745, 0.745, 0.745, 0.745, 0.745, 0.745, 0.745, 0.745, 0.745, 0.745, 0.745, 0.745, 0.745, 0.745, 0.745, 0.775, 0.775, 0.775, 0.775, 0.775, 0.775, 0.775, 0.775, 0.775, 0.775, 0.775, 0.775, 0.775, 0.775, 0.775, 0.775, 0.775, 0.775, 0.775, 0.775, 0.775, 0.775, 0.775, 0.775, 0.775, 0.775, 0.775, 0.775, 0.775, 0.775, 0.76, 0.76, 0.76, 0.76, 0.76, 0.76, 0.76, 0.76, 0.76, 0.76, 0.76, 0.76, 0.76, 0.76, 0.76, 0.76, 0.76, 0.76, 0.76, 0.76, 0.76, 0.76, 0.76, 0.76, 0.76, 0.76, 0.76, 0.76, 0.76, 0.76, 0.805, 0.805, 0.805, 0.805, 0.805, 0.805, 0.805, 0.805, 0.805, 0.805, 0.805, 0.805, 0.805, 0.805, 0.805, 0.805, 0.805, 0.805, 0.805, 0.805, 0.805, 0.805, 0.805, 0.805, 0.805, 0.805, 0.805, 0.805, 0.805, 0.805, 0.74, 0.74, 0.74, 0.74, 0.74, 0.74, 0.74, 0.74, 0.74, 0.74, 0.74, 0.74, 0.74, 0.74, 0.74, 0.74, 0.74, 0.74, 0.74, 0.74, 0.74, 0.74, 0.74, 0.74, 0.74, 0.74, 0.74, 0.74, 0.74, 0.74, 0.755, 0.755, 0.755, 0.755, 0.755, 0.755, 0.755, 0.755, 0.755, 0.755, 0.755, 0.755, 0.755, 0.755, 0.755, 0.755, 0.755, 0.755, 0.755, 0.755, 0.755, 0.755, 0.755, 0.755, 0.755, 0.755, 0.755, 0.755, 0.755, 0.755, 0.73, 0.73, 0.73, 0.73, 0.73, 0.73, 0.73, 0.73, 0.73, 0.73, 0.73, 0.73, 0.73, 0.73, 0.73, 0.73, 0.73, 0.73, 0.73, 0.73, 0.73, 0.73, 0.73, 0.73, 0.73, 0.73, 0.73, 0.73, 0.73, 0.73]"
target_partition6,3,"[0.755, 0.755, 0.755, 0.755, 0.755, 0.755, 0.755, 0.755, 0.755, 0.755, 0.755, 0.755, 0.755, 0.755, 0.755, 0.755, 0.755, 0.755, 0.755, 0.755, 0.755, 0.755, 0.755, 0.755, 0.755, 0.755, 0.755, 0.755, 0.755, 0.755, 0.82, 0.82, 0.82, 0.82, 0.82, 0.82, 0.82, 0.82, 0.82, 0.82, 0.82, 0.82, 0.82, 0.82, 0.82, 0.82, 0.82, 0.82, 0.82, 0.82, 0.82, 0.82, 0.82, 0.82, 0.82, 0.82, 0.82, 0.82, 0.82, 0.82, 0.795, 0.795, 0.795, 0.795, 0.795, 0.795, 0.795, 0.795, 0.795, 0.795, 0.795, 0.795, 0.795, 0.795, 0.795, 0.795, 0.795, 0.795, 0.795, 0.795, 0.795, 0.795, 0.795, 0.795, 0.795, 0.795, 0.795, 0.795, 0.795, 0.795, 0.775, 0.775, 0.775, 0.775, 0.775, 0.775, 0.775, 0.775, 0.775, 0.775, 0.775, 0.775, 0.775, 0.775, 0.775, 0.775, 0.775, 0.775, 0.775, 0.775, 0.775, 0.775, 0.775, 0.775, 0.775, 0.775, 0.775, 0.775, 0.775, 0.775, 0.81, 0.81, 0.81, 0.81, 0.81, 0.81, 0.81, 0.81, 0.81, 0.81, 0.81, 0.81, 0.81, 0.81, 0.81, 0.81, 0.81, 0.81, 0.81, 0.81, 0.81, 0.81, 0.81, 0.81, 0.81, 0.81, 0.81, 0.81, 0.81, 0.81, 0.785, 0.785, 0.785, 0.785, 0.785, 0.785, 0.785, 0.785, 0.785, 0.785, 0.785, 0.785, 0.785, 0.785, 0.785, 0.785, 0.785, 0.785, 0.785, 0.785, 0.785, 0.785, 0.785, 0.785, 0.785, 0.785, 0.785, 0.785, 0.785, 0.785, 0.76, 0.76, 0.76, 0.76, 0.76, 0.76, 0.76, 0.76, 0.76, 0.76, 0.76, 0.76, 0.76, 0.76, 0.76, 0.76, 0.76, 0.76, 0.76, 0.76, 0.76, 0.76, 0.76, 0.76, 0.76, 0.76, 0.76, 0.76, 0.76, 0.76, 0.765, 0.765, 0.765, 0.765, 0.765, 0.765, 0.765, 0.765, 0.765, 0.765, 0.765, 0.765, 0.765, 0.765, 0.765, 0.765, 0.765, 0.765, 0.765, 0.765, 0.765, 0.765, 0.765, 0.765, 0.765, 0.765, 0.765, 0.765, 0.765, 0.765, 0.755, 0.755, 0.755, 0.755, 0.755, 0.755, 0.755, 0.755, 0.755, 0.755, 0.755, 0.755, 0.755, 0.755, 0.755, 0.755, 0.755, 0.755, 0.755, 0.755, 0.755, 0.755, 0.755, 0.755, 0.755, 0.755, 0.755, 0.755, 0.755, 0.755, 0.75, 0.75, 0.75, 0.75, 0.75, 0.75, 0.75, 0.75, 0.75, 0.75, 0.75, 0.75, 0.75, 0.75, 0.75, 0.75, 0.75, 0.75, 0.75, 0.75, 0.75, 0.75, 0.75, 0.75, 0.75, 0.75, 0.75, 0.75, 0.75, 0.75]"
target_partition7,3,"[0.76, 0.76, 0.76, 0.76, 0.76, 0.76, 0.76, 0.76, 0.76, 0.76, 0.76, 0.76, 0.76, 0.76, 0.76, 0.76, 0.76, 0.76, 0.76, 0.76, 0.76, 0.76, 0.76, 0.76, 0.76, 0.76, 0.76, 0.76, 0.76, 0.76, 0.72, 0.72, 0.72, 0.72, 0.72, 0.72, 0.72, 0.72, 0.72, 0.72, 0.72, 0.72, 0.72, 0.72, 0.72, 0.72, 0.72, 0.72, 0.72, 0.72, 0.72, 0.72, 0.72, 0.72, 0.72, 0.72, 0.72, 0.72, 0.72, 0.72, 0.765, 0.765, 0.765, 0.765, 0.765, 0.765, 0.765, 0.765, 0.765, 0.765, 0.765, 0.765, 0.765, 0.765, 0.765, 0.765, 0.765, 0.765, 0.765, 0.765, 0.765, 0.765, 0.765, 0.765, 0.765, 0.765, 0.765, 0.765, 0.765, 0.765, 0.77, 0.77, 0.77, 0.77, 0.77, 0.77, 0.77, 0.77, 0.77, 0.77, 0.77, 0.77, 0.77, 0.77, 0.77, 0.77, 0.77, 0.77, 0.77, 0.77, 0.77, 0.77, 0.77, 0.77, 0.77, 0.77, 0.77, 0.77, 0.77, 0.77, 0.775, 0.775, 0.775, 0.775, 0.775, 0.775, 0.775, 0.775, 0.775, 0.775, 0.775, 0.775, 0.775, 0.775, 0.775, 0.775, 0.775, 0.775, 0.775, 0.775, 0.775, 0.775, 0.775, 0.775, 0.775, 0.775, 0.775, 0.775, 0.775, 0.775, 0.79, 0.79, 0.79, 0.79, 0.79, 0.79, 0.79, 0.79, 0.79, 0.79, 0.79, 0.79, 0.79, 0.79, 0.79, 0.79, 0.79, 0.79, 0.79, 0.79, 0.79, 0.79, 0.79, 0.79, 0.79, 0.79, 0.79, 0.79, 0.79, 0.79, 0.745, 0.745, 0.745, 0.745, 0.745, 0.745, 0.745, 0.745, 0.745, 0.745, 0.745, 0.745, 0.745, 0.745, 0.745, 0.745, 0.745, 0.745, 0.745, 0.745, 0.745, 0.745, 0.745, 0.745, 0.745, 0.745, 0.745, 0.745, 0.745, 0.745, 0.785, 0.785, 0.785, 0.785, 0.785, 0.785, 0.785, 0.785, 0.785, 0.785, 0.785, 0.785, 0.785, 0.785, 0.785, 0.785, 0.785, 0.785, 0.785, 0.785, 0.785, 0.785, 0.785, 0.785, 0.785, 0.785, 0.785, 0.785, 0.785, 0.785, 0.72, 0.72, 0.72, 0.72, 0.72, 0.72, 0.72, 0.72, 0.72, 0.72, 0.72, 0.72, 0.72, 0.72, 0.72, 0.72, 0.72, 0.72, 0.72, 0.72, 0.72, 0.72, 0.72, 0.72, 0.72, 0.72, 0.72, 0.72, 0.72, 0.72, 0.805, 0.805, 0.805, 0.805, 0.805, 0.805, 0.805, 0.805, 0.805, 0.805, 0.805, 0.805, 0.805, 0.805, 0.805, 0.805, 0.805, 0.805, 0.805, 0.805, 0.805, 0.805, 0.805, 0.805, 0.805, 0.805, 0.805, 0.805, 0.805, 0.805]"
target_partition8,3,"[0.775, 0.775, 0.775, 0.775, 0.775, 0.775, 0.775, 0.775, 0.775, 0.775, 0.775, 0.775, 0.775, 0.775, 0.775, 0.775, 0.775, 0.775, 0.775, 0.775, 0.775, 0.775, 0.775, 0.775, 0.775, 0.775, 0.775, 0.775, 0.775, 0.775, 0.76, 0.76, 0.76, 0.76, 0.76, 0.76, 0.76, 0.76, 0.76, 0.76, 0.76, 0.76, 0.76, 0.76, 0.76, 0.76, 0.76, 0.76, 0.76, 0.76, 0.76, 0.76, 0.76, 0.76, 0.76, 0.76, 0.76, 0.76, 0.76, 0.76, 0.82, 0.82, 0.82, 0.82, 0.82, 0.82, 0.82, 0.82, 0.82, 0.82, 0.82, 0.82, 0.82, 0.82, 0.82, 0.82, 0.82, 0.82, 0.82, 0.82, 0.82, 0.82, 0.82, 0.82, 0.82, 0.82, 0.82, 0.82, 0.82, 0.82, 0.74, 0.74, 0.74, 0.74, 0.74, 0.74, 0.74, 0.74, 0.74, 0.74, 0.74, 0.74, 0.74, 0.74, 0.74, 0.74, 0.74, 0.74, 0.74, 0.74, 0.74, 0.74, 0.74, 0.74, 0.74, 0.74, 0.74, 0.74, 0.74, 0.74, 0.78, 0.78, 0.78, 0.78, 0.78, 0.78, 0.78, 0.78, 0.78, 0.78, 0.78, 0.78, 0.78, 0.78, 0.78, 0.78, 0.78, 0.78, 0.78, 0.78, 0.78, 0.78, 0.78, 0.78, 0.78, 0.78, 0.78, 0.78, 0.78, 0.78, 0.825, 0.825, 0.825, 0.825, 0.825, 0.825, 0.825, 0.825, 0.825, 0.825, 0.825, 0.825, 0.825, 0.825, 0.825, 0.825, 0.825, 0.825, 0.825, 0.825, 0.825, 0.825, 0.825, 0.825, 0.825, 0.825, 0.825, 0.825, 0.825, 0.825, 0.785, 0.785, 0.785, 0.785, 0.785, 0.785, 0.785, 0.785, 0.785, 0.785, 0.785, 0.785, 0.785, 0.785, 0.785, 0.785, 0.785, 0.785, 0.785, 0.785, 0.785, 0.785, 0.785, 0.785, 0.785, 0.785, 0.785, 0.785, 0.785, 0.785, 0.795, 0.795, 0.795, 0.795, 0.795, 0.795, 0.795, 0.795, 0.795, 0.795, 0.795, 0.795, 0.795, 0.795, 0.795, 0.795, 0.795, 0.795, 0.795, 0.795, 0.795, 0.795, 0.795, 0.795, 0.795, 0.795, 0.795, 0.795, 0.795, 0.795, 0.775, 0.775, 0.775, 0.775, 0.775, 0.775, 0.775, 0.775, 0.775, 0.775, 0.775, 0.775, 0.775, 0.775, 0.775, 0.775, 0.775, 0.775, 0.775, 0.775, 0.775, 0.775, 0.775, 0.775, 0.775, 0.775, 0.775, 0.775, 0.775, 0.775, 0.81, 0.81, 0.81, 0.81, 0.81, 0.81, 0.81, 0.81, 0.81, 0.81, 0.81, 0.81, 0.81, 0.81, 0.81, 0.81, 0.81, 0.81, 0.81, 0.81, 0.81, 0.81, 0.81, 0.81, 0.81, 0.81, 0.81, 0.81, 0.81, 0.81]"
target_partition9,3,"[0.79, 0.79, 0.79, 0.79, 0.79, 0.79, 0.79, 0.79, 0.79, 0.79, 0.79, 0.79, 0.79, 0.79, 0.79, 0.79, 0.79, 0.79, 0.79, 0.79, 0.79, 0.79, 0.79, 0.79, 0.79, 0.79, 0.79, 0.79, 0.79, 0.79, 0.755, 0.755, 0.755, 0.755, 0.755, 0.755, 0.755, 0.755, 0.755, 0.755, 0.755, 0.755, 0.755, 0.755, 0.755, 0.755, 0.755, 0.755, 0.755, 0.755, 0.755, 0.755, 0.755, 0.755, 0.755, 0.755, 0.755, 0.755, 0.755, 0.755, 0.835, 0.835, 0.835, 0.835, 0.835, 0.835, 0.835, 0.835, 0.835, 0.835, 0.835, 0.835, 0.835, 0.835, 0.835, 0.835, 0.835, 0.835, 0.835, 0.835, 0.835, 0.835, 0.835, 0.835, 0.835, 0.835, 0.835, 0.835, 0.835, 0.835, 0.785, 0.785, 0.785, 0.785, 0.785, 0.785, 0.785, 0.785, 0.785, 0.785, 0.785, 0.785, 0.785, 0.785, 0.785, 0.785, 0.785, 0.785, 0.785, 0.785, 0.785, 0.785, 0.785, 0.785, 0.785, 0.785, 0.785, 0.785, 0.785, 0.785, 0.825, 0.825, 0.825, 0.825, 0.825, 0.825, 0.825, 0.825, 0.825, 0.825, 0.825, 0.825, 0.825, 0.825, 0.825, 0.825, 0.825, 0.825, 0.825, 0.825, 0.825, 0.825, 0.825, 0.825, 0.825, 0.825, 0.825, 0.825, 0.825, 0.825, 0.835, 0.835, 0.835, 0.835, 0.835, 0.835, 0.835, 0.835, 0.835, 0.835, 0.835, 0.835, 0.835, 0.835, 0.835, 0.835, 0.835, 0.835, 0.835, 0.835, 0.835, 0.835, 0.835, 0.835, 0.835, 0.835, 0.835, 0.835, 0.835, 0.835, 0.81, 0.81, 0.81, 0.81, 0.81, 0.81, 0.81, 0.81, 0.81, 0.81, 0.81, 0.81, 0.81, 0.81, 0.81, 0.81, 0.81, 0.81, 0.81, 0.81, 0.81, 0.81, 0.81, 0.81, 0.81, 0.81, 0.81, 0.81, 0.81, 0.81, 0.805, 0.805, 0.805, 0.805, 0.805, 0.805, 0.805, 0.805, 0.805, 0.805, 0.805, 0.805, 0.805, 0.805, 0.805, 0.805, 0.805, 0.805, 0.805, 0.805, 0.805, 0.805, 0.805, 0.805, 0.805, 0.805, 0.805, 0.805, 0.805, 0.805, 0.8, 0.8, 0.8, 0.8, 0.8, 0.8, 0.8, 0.8, 0.8, 0.8, 0.8, 0.8, 0.8, 0.8, 0.8, 0.8, 0.8, 0.8, 0.8, 0.8, 0.8, 0.8, 0.8, 0.8, 0.8, 0.8, 0.8, 0.8, 0.8, 0.8, 0.785, 0.785, 0.785, 0.785, 0.785, 0.785, 0.785, 0.785, 0.785, 0.785, 0.785, 0.785, 0.785, 0.785, 0.785, 0.785, 0.785, 0.785, 0.785, 0.785, 0.785, 0.785, 0.785, 0.785, 0.785, 0.785, 0.785, 0.785, 0.785, 0.785]"
target_partition10,3,"[0.725, 0.725, 0.725, 0.725, 0.725, 0.725, 0.725, 0.725, 0.725, 0.725, 0.725, 0.725, 0.725, 0.725, 0.725, 0.725, 0.725, 0.725, 0.725, 0.725, 0.725, 0.725, 0.725, 0.725, 0.725, 0.725, 0.725, 0.725, 0.725, 0.725, 0.76, 0.76, 0.76, 0.76, 0.76, 0.76, 0.76, 0.76, 0.76, 0.76, 0.76, 0.76, 0.76, 0.76, 0.76, 0.76, 0.76, 0.76, 0.76, 0.76, 0.76, 0.76, 0.76, 0.76, 0.76, 0.76, 0.76, 0.76, 0.76, 0.76, 0.73, 0.73, 0.73, 0.73, 0.73, 0.73, 0.73, 0.73, 0.73, 0.73, 0.73, 0.73, 0.73, 0.73, 0.73, 0.73, 0.73, 0.73, 0.73, 0.73, 0.73, 0.73, 0.73, 0.73, 0.73, 0.73, 0.73, 0.73, 0.73, 0.73, 0.705, 0.705, 0.705, 0.705, 0.705, 0.705, 0.705, 0.705, 0.705, 0.705, 0.705, 0.705, 0.705, 0.705, 0.705, 0.705, 0.705, 0.705, 0.705, 0.705, 0.705, 0.705, 0.705, 0.705, 0.705, 0.705, 0.705, 0.705, 0.705, 0.705, 0.745, 0.745, 0.745, 0.745, 0.745, 0.745, 0.745, 0.745, 0.745, 0.745, 0.745, 0.745, 0.745, 0.745, 0.745, 0.745, 0.745, 0.745, 0.745, 0.745, 0.745, 0.745, 0.745, 0.745, 0.745, 0.745, 0.745, 0.745, 0.745, 0.745, 0.75, 0.75, 0.75, 0.75, 0.75, 0.75, 0.75, 0.75, 0.75, 0.75, 0.75, 0.75, 0.75, 0.75, 0.75, 0.75, 0.75, 0.75, 0.75, 0.75, 0.75, 0.75, 0.75, 0.75, 0.75, 0.75, 0.75, 0.75, 0.75, 0.75, 0.805, 0.805, 0.805, 0.805, 0.805, 0.805, 0.805, 0.805, 0.805, 0.805, 0.805, 0.805, 0.805, 0.805, 0.805, 0.805, 0.805, 0.805, 0.805, 0.805, 0.805, 0.805, 0.805, 0.805, 0.805, 0.805, 0.805, 0.805, 0.805, 0.805, 0.765, 0.765, 0.765, 0.765, 0.765, 0.765, 0.765, 0.765, 0.765, 0.765, 0.765, 0.765, 0.765, 0.765, 0.765, 0.765, 0.765, 0.765, 0.765, 0.765, 0.765, 0.765, 0.765, 0.765, 0.765, 0.765, 0.765, 0.765, 0.765, 0.765, 0.705, 0.705, 0.705, 0.705, 0.705, 0.705, 0.705, 0.705, 0.705, 0.705, 0.705, 0.705, 0.705, 0.705, 0.705, 0.705, 0.705, 0.705, 0.705, 0.705, 0.705, 0.705, 0.705, 0.705, 0.705, 0.705, 0.705, 0.705, 0.705, 0.705, 0.72, 0.72, 0.72, 0.72, 0.72, 0.72, 0.72, 0.72, 0.72, 0.72, 0.72, 0.72, 0.72, 0.72, 0.72, 0.72, 0.72, 0.72, 0.72, 0.72, 0.72, 0.72, 0.72, 0.72, 0.72, 0.72, 0.72, 0.72, 0.72, 0.72]"
